PickupPointID,PickupPointName
1,"344288, г. Вологда, ул. Чехова, 1"
2,"614164, г.Вологда,  ул. Степная, 30"
3,"394242, г. Вологда, ул. Коммунистическая, 43"
4,"660540, г. Вологда, ул. Солнечная, 25"
5,"125837, г. Вологда, ул. Шоссейная, 40"
6,"125703, г. Вологда, ул. Партизанская, 49"
7,"625283, г. Вологда, ул. Победы, 46"
8,"614611, г. Вологда, ул. Молодежная, 50"
9,"454311, г.Вологда, ул. Новая, 19"
10,"660007, г.Вологда, ул. Октябрьская, 19"
11,"603036, г. Вологда, ул. Садовая, 4"
12,"450983, г.Вологда, ул. Комсомольская, 26"
13,"394782, г. Вологда, ул. Чехова, 3"
14,"603002, г. Вологда, ул. Дзержинского, 28"
15,"450558, г. Вологда, ул. Набережная, 30"
16,"394060, г.Вологда, ул. Фрунзе, 43"
17,"410661, г. Вологда, ул. Школьная, 50"
18,"625590, г. Вологда, ул. Коммунистическая, 20"
19,"625683, г. Вологда, ул. 8 Марта"
20,"400562, г. Вологда, ул. Зеленая, 32"
21,"614510, г. Вологда, ул. Маяковского, 47"
22,"410542, г. Вологда, ул. Светлая, 46"
23,"620839, г. Вологда, ул. Цветочная, 8"
24,"443890, г. Вологда, ул. Коммунистическая, 1"
25,"603379, г. Вологда, ул. Спортивная, 46"
26,"603721, г. Вологда, ул. Гоголя, 41"
27,"410172, г. Вологда, ул. Северная, 13"
28,"420151, г. Вологда, ул. Вишневая, 32"
29,"125061, г. Вологда, ул. Подгорная, 8"
30,"630370, г. Вологда, ул. Шоссейная, 24"
31,"614753, г. Вологда, ул. Полевая, 35"
32,"426030, г. Вологда, ул. Маяковского, 44"
33,"450375, г. Вологда ул. Клубная, 44"
34,"625560, г. Вологда, ул. Некрасова, 12"
35,"630201, г. Вологда, ул. Комсомольская, 17"
36,"190949, г. Вологда, ул. Мичурина, 26"
