"Артикул";"Наименование ";"Единица измерения";"Стоимость";"Размер максимально возможной скидки";"Производитель";"Поставщик";"Категория товара";"Действующая скидка";"Кол-во на складе";"Описание";"Изображение"
"Z472R4";"Зарядное устройство";1;1250;30;"KOLNER";1;1;4;6;"Зарядное устройство KOLNER KBCН 4";"Z472R4.jpeg"
"Z374R3";"Зарядное устройство";1;4600;25;"AIRLINE";1;1;2;14;"Зарядное устройство AIRLINE ACH-15A-08";"Z374R3.jpeg"
"D374E4";"Съемник подшипников";1;1400;20;"AIRLINE";1;2;3;2;"Съемник AIRLINE AT-GP2-05";"D374E4.jpeg"
"A782R4";"Аккумулятор";1;4500;30;"BIG FIGHTER";2;3;2;24;"Аккумулятор автомобильный BIG FIGHTER 55р";"A782R4.jpg"
"K830R4";"Колпак для колеса";2;915;20;"AIRLINE";2;3;3;14;"Колпак для колеса AIRLINE Супер Астра R16 серебристый 2шт";"K830R4.jpg"
"K849L6";"Набор ключей";2;780;15;"STV";1;4;2;23;"Набор ключей накидных STV 00-00010990 6шт.";"K849L6.jpeg"
"O393R4";"Отвертка";1;460;15;"JONNESWAY";1;4;3;14;"Отвертка JONNESWAY D04P2100";"O393R4.jpeg"
"Z469T7";"Устройство пуско-зарядное";1;4000;25;"AIRLINE";2;1;2;4;"Устройство пуско-зарядное AIRLINE 12В 8000мАч 350А";"Z469T7.jpg"
"S983R4";"Щетка";1;500;15;"BOSCH";2;3;4;8;"Щетка с/о BOSCH ECO 65C 650мм каркасная";"S983R4.jpg"
"S037R9";"Щетка";1;740;25;"AIRLINE";1;5;2;26;"Щётка AIRLINE AB-H-03";"S037R9.jpeg"
"F938T5";"Антифриз";1;1200;15;"TCL";1;6;4;34;"Антифриз красный TCL LLC01212";
"D799T6";"Съемник подшипников";1;1800;25;"JTC";1;2;2;6;"Съемник для подшипников JTC 9000";
"E679R3";"Автошампунь";1;4000;15;"GRASS";1;6;4;14;"Автошампунь GRASS 800026 Active Foam Truck";
"P023T2";"Провода прикуривания";1;3400;20;"SMART";2;3;2;6;"Провода прикуривания в сумке SMART CABLE 700 4,5м";
"V892T6";"Свеча зажигания";1;130;5;"CHAMPION";2;3;3;21;"Свеча зажигания CHAMPION IGP F7RTC";
"S021R4";"Адаптер для щеток";2;200;3;"ALCA";2;3;2;13;"Адаптер для щеток стеклоочистителя ALCA Top Lock A/C блистер 2 шт";
"S826R4";"Щетка";1;530;2;"ALCA";2;3;4;28;"Щетка стеклоочистителя ALCA Super flat 19""/48см бескаркасная";
"K702L6";"Ключ";1;1600;15;"JONNESWAY";1;4;3;9;"Ключ JONNESWAY W233032 (30 / 32 мм)";
"S625T5";"Щетка";1;249;20;"ALCA";2;3;3;12;"щетка стеклоочистителя ALCA Start 16""/40см каркасная";
"F026R4";"Антифриз";1;530;15;"MOBIL";1;6;2;13;"Антифриз сине-зеленый MOBIL ANTIFREEZE EXTRA";
"L802Y5";"Лопата";1;870;5;"AIRLINE";1;5;4;23;"Лопата саперная AIRLINE AB-S-03";
"P307T5";"Провода прикуривания";1;700;10;"EXPERT";2;3;4;2;"Провода прикуривания в сумке EXPERT 400А 2,5м";
"Z326T9";"Зарядное устройство";1;2400;15;"EXPERT";2;1;3;14;"Устройство зарядное EXPERT ЗУ-300 6/12В 3,8А";
"E932T8";"Полироль";1;2100;25;"GRASS";1;6;3;23;"Полироль GRASS 125101 Black Brilliance";
"H572T6";"Парктроник";1;2900;15;"AIRLINE";1;3;5;12;"Парктроник AIRLINE APS-8L-02";
"T589T6";"Термометр";1;1400;10;"ALCA";1;5;2;3;"Термометр ALCA 577000";
" M562Y7";"Мультиметр";1;14200;5;"JTC";2;5;3;12;"Мультиметр JTC 1227A автомобильный";
"P439R4";"Пассатижи";1;310;5;"HAMMER";2;5;3;34;"Пассатижи HAMMER Flex 601-050 160 мм (6 дюймов)";
"Z782T5";"Зажим";2;290;25;"AIRLINE";1;1;5;6;"Зажим AIRLINE SA-400-P";
"B702T6";"Домкрат";1;2700;10;"ALCA";1;6;2;3;"Домкрат ALCA 436000";
